Unnamed: 0,ResponseId,attention,sentence_name,answer,survey,row_id,score,sentence_id,probe_type,probe_number,interval_length,version,complexity,concept_tag
1,R_2E70Gw66U1MFTey,6,abovetruthvaluequery2,False,1,1,1,above,truth_value,2,4,original,1.0,geometry
2,R_2E70Gw66U1MFTey,6,agetruthvaluequery1,True,1,2,1,age,truth_value,1,4,original,1.0,temporal
3,R_2E70Gw66U1MFTey,6,directionstruthvaluequery2,True,1,3,0,directions,truth_value,2,2,original,1.0,geometry
4,R_2E70Gw66U1MFTey,6,goingtruthvaluequery1,False,1,4,1,going,truth_value,1,5,original,1.0,social
5,R_2E70Gw66U1MFTey,6,surprisetruthvaluequery1,False,1,5,0,surprise,truth_value,1,4,original,1.0,social
6,R_2E70Gw66U1MFTey,6,largesttruthvaluequery1,False,1,6,1,largest,truth_value,1,1,original,2.0,numerosity
7,R_2E70Gw66U1MFTey,6,shadowtruthvaluequery1,False,1,7,0,shadow,truth_value,1,0,original,2.0,geometry
8,R_2E70Gw66U1MFTey,6,surroundingtruthvaluequery1,True,1,8,1,surrounding,truth_value,1,0,original,3.0,geometry
9,R_2E70Gw66U1MFTey,6,alivetruthvaluequery1,True,1,9,1,alive,truth_value,1,3,original,3.0,temporal
10,R_2E70Gw66U1MFTey,6,ToMtruthvaluequery1,False,1,10,1,ToM,truth_value,1,5,original,3.0,social
24,R_2NqrbPJBbwZJZ2j,6,abovetruthvaluequery2,False,1,369,1,above,truth_value,2,4,original,1.0,geometry
25,R_2NqrbPJBbwZJZ2j,6,agetruthvaluequery1,True,1,370,1,age,truth_value,1,4,original,1.0,temporal
26,R_2NqrbPJBbwZJZ2j,6,directionstruthvaluequery2,False,1,371,1,directions,truth_value,2,2,original,1.0,geometry
27,R_2NqrbPJBbwZJZ2j,6,goingtruthvaluequery1,False,1,372,1,going,truth_value,1,5,original,1.0,social
28,R_2NqrbPJBbwZJZ2j,6,surprisetruthvaluequery1,False,1,373,0,surprise,truth_value,1,4,original,1.0,social
29,R_2NqrbPJBbwZJZ2j,6,largesttruthvaluequery1,False,1,374,1,largest,truth_value,1,1,original,2.0,numerosity
30,R_2NqrbPJBbwZJZ2j,6,shadowtruthvaluequery1,True,1,375,1,shadow,truth_value,1,0,original,2.0,geometry
31,R_2NqrbPJBbwZJZ2j,6,surroundingtruthvaluequery1,True,1,376,1,surrounding,truth_value,1,0,original,3.0,geometry
32,R_2NqrbPJBbwZJZ2j,6,alivetruthvaluequery1,True,1,377,1,alive,truth_value,1,3,original,3.0,temporal
33,R_2NqrbPJBbwZJZ2j,6,ToMtruthvaluequery1,True,1,378,1,ToM,truth_value,1,5,original,3.0,social
47,R_8Dqscx89to7KD0R,7,abovetruthvaluequery2,False,1,461,1,above,truth_value,2,4,original,1.0,geometry
48,R_8Dqscx89to7KD0R,7,agetruthvaluequery1,True,1,462,1,age,truth_value,1,4,original,1.0,temporal
49,R_8Dqscx89to7KD0R,7,directionstruthvaluequery2,False,1,463,1,directions,truth_value,2,2,original,1.0,geometry
50,R_8Dqscx89to7KD0R,7,goingtruthvaluequery1,False,1,464,1,going,truth_value,1,5,original,1.0,social
51,R_8Dqscx89to7KD0R,7,surprisetruthvaluequery1,False,1,465,0,surprise,truth_value,1,4,original,1.0,social
52,R_8Dqscx89to7KD0R,7,largesttruthvaluequery1,False,1,466,1,largest,truth_value,1,1,original,2.0,numerosity
53,R_8Dqscx89to7KD0R,7,shadowtruthvaluequery1,True,1,467,1,shadow,truth_value,1,0,original,2.0,geometry
54,R_8Dqscx89to7KD0R,7,surroundingtruthvaluequery1,True,1,468,1,surrounding,truth_value,1,0,original,3.0,geometry
55,R_8Dqscx89to7KD0R,7,alivetruthvaluequery1,False,1,469,0,alive,truth_value,1,3,original,3.0,temporal
56,R_8Dqscx89to7KD0R,7,ToMtruthvaluequery1,True,1,470,1,ToM,truth_value,1,5,original,3.0,social
70,R_8bOGdtWxRLYfKbt,7,abovetruthvaluequery2,False,1,93,1,above,truth_value,2,4,original,1.0,geometry
71,R_8bOGdtWxRLYfKbt,7,agetruthvaluequery1,True,1,94,1,age,truth_value,1,4,original,1.0,temporal
72,R_8bOGdtWxRLYfKbt,7,directionstruthvaluequery2,False,1,95,1,directions,truth_value,2,2,original,1.0,geometry
73,R_8bOGdtWxRLYfKbt,7,goingtruthvaluequery1,False,1,96,1,going,truth_value,1,5,original,1.0,social
74,R_8bOGdtWxRLYfKbt,7,surprisetruthvaluequery1,False,1,97,0,surprise,truth_value,1,4,original,1.0,social
75,R_8bOGdtWxRLYfKbt,7,largesttruthvaluequery1,False,1,98,1,largest,truth_value,1,1,original,2.0,numerosity
76,R_8bOGdtWxRLYfKbt,7,shadowtruthvaluequery1,True,1,99,1,shadow,truth_value,1,0,original,2.0,geometry
77,R_8bOGdtWxRLYfKbt,7,surroundingtruthvaluequery1,False,1,100,0,surrounding,truth_value,1,0,original,3.0,geometry
78,R_8bOGdtWxRLYfKbt,7,alivetruthvaluequery1,True,1,101,1,alive,truth_value,1,3,original,3.0,temporal
79,R_8bOGdtWxRLYfKbt,7,ToMtruthvaluequery1,False,1,102,1,ToM,truth_value,1,5,original,3.0,social
93,R_8dtGgcDUjGNqriv,6,abovetruthvaluequery2,False,1,553,1,above,truth_value,2,4,original,1.0,geometry
94,R_8dtGgcDUjGNqriv,6,agetruthvaluequery1,True,1,554,1,age,truth_value,1,4,original,1.0,temporal
95,R_8dtGgcDUjGNqriv,6,directionstruthvaluequery2,False,1,555,1,directions,truth_value,2,2,original,1.0,geometry
96,R_8dtGgcDUjGNqriv,6,goingtruthvaluequery1,False,1,556,1,going,truth_value,1,5,original,1.0,social
97,R_8dtGgcDUjGNqriv,6,surprisetruthvaluequery1,False,1,557,0,surprise,truth_value,1,4,original,1.0,social
98,R_8dtGgcDUjGNqriv,6,largesttruthvaluequery1,False,1,558,1,largest,truth_value,1,1,original,2.0,numerosity
99,R_8dtGgcDUjGNqriv,6,shadowtruthvaluequery1,True,1,559,1,shadow,truth_value,1,0,original,2.0,geometry
100,R_8dtGgcDUjGNqriv,6,surroundingtruthvaluequery1,True,1,560,1,surrounding,truth_value,1,0,original,3.0,geometry
101,R_8dtGgcDUjGNqriv,6,alivetruthvaluequery1,True,1,561,1,alive,truth_value,1,3,original,3.0,temporal
102,R_8dtGgcDUjGNqriv,6,ToMtruthvaluequery1,True,1,562,1,ToM,truth_value,1,5,original,3.0,social
116,R_8fchfT3ZW1QlDz3,7,abovetruthvaluequery2,False,1,277,1,above,truth_value,2,4,original,1.0,geometry
117,R_8fchfT3ZW1QlDz3,7,agetruthvaluequery1,True,1,278,1,age,truth_value,1,4,original,1.0,temporal
118,R_8fchfT3ZW1QlDz3,7,directionstruthvaluequery2,True,1,279,0,directions,truth_value,2,2,original,1.0,geometry
119,R_8fchfT3ZW1QlDz3,7,goingtruthvaluequery1,False,1,280,1,going,truth_value,1,5,original,1.0,social
120,R_8fchfT3ZW1QlDz3,7,surprisetruthvaluequery1,False,1,281,0,surprise,truth_value,1,4,original,1.0,social
121,R_8fchfT3ZW1QlDz3,7,largesttruthvaluequery1,True,1,282,1,largest,truth_value,1,1,original,2.0,numerosity
122,R_8fchfT3ZW1QlDz3,7,shadowtruthvaluequery1,True,1,283,1,shadow,truth_value,1,0,original,2.0,geometry
123,R_8fchfT3ZW1QlDz3,7,surroundingtruthvaluequery1,True,1,284,1,surrounding,truth_value,1,0,original,3.0,geometry
124,R_8fchfT3ZW1QlDz3,7,alivetruthvaluequery1,False,1,285,0,alive,truth_value,1,3,original,3.0,temporal
125,R_8fchfT3ZW1QlDz3,7,ToMtruthvaluequery1,False,1,286,1,ToM,truth_value,1,5,original,3.0,social
137,R_8qV7UAPrFF4PSwG,6,abovetruthvaluequery2,False,1,185,1,above,truth_value,2,4,original,1.0,geometry
138,R_8qV7UAPrFF4PSwG,6,agetruthvaluequery1,True,1,186,1,age,truth_value,1,4,original,1.0,temporal
139,R_8qV7UAPrFF4PSwG,6,directionstruthvaluequery2,False,1,187,1,directions,truth_value,2,2,original,1.0,geometry
140,R_8qV7UAPrFF4PSwG,6,goingtruthvaluequery1,False,1,188,1,going,truth_value,1,5,original,1.0,social
141,R_8qV7UAPrFF4PSwG,6,surprisetruthvaluequery1,False,1,189,0,surprise,truth_value,1,4,original,1.0,social
142,R_8qV7UAPrFF4PSwG,6,largesttruthvaluequery1,False,1,190,1,largest,truth_value,1,1,original,2.0,numerosity
143,R_8qV7UAPrFF4PSwG,6,shadowtruthvaluequery1,True,1,191,1,shadow,truth_value,1,0,original,2.0,geometry
144,R_8qV7UAPrFF4PSwG,6,surroundingtruthvaluequery1,True,1,192,1,surrounding,truth_value,1,0,original,3.0,geometry
145,R_8qV7UAPrFF4PSwG,6,alivetruthvaluequery1,True,1,193,1,alive,truth_value,1,3,original,3.0,temporal
146,R_8qV7UAPrFF4PSwG,6,ToMtruthvaluequery1,True,1,194,1,ToM,truth_value,1,5,original,3.0,social
160,R_2AbPByjs6GwAqNH,7,comingtruthvaluequery1,True,2,185,1,coming,truth_value,1,2,original,1.0,social
161,R_2AbPByjs6GwAqNH,7,age2truthvaluequery1,True,2,186,1,age2,truth_value,1,3,original,1.0,temporal
162,R_2AbPByjs6GwAqNH,7,taste2truthvaluequery1,True,2,187,1,taste2,truth_value,1,3,original,1.0,temporal
163,R_2AbPByjs6GwAqNH,7,surprisetruthvaluequery2,False,2,188,1,surprise,truth_value,2,4,original,1.0,social
164,R_2AbPByjs6GwAqNH,7,supporttruthvaluequery2,False,2,189,1,support,truth_value,2,1,original,2.0,objectness
165,R_2AbPByjs6GwAqNH,7,largesttruthvaluequery1,False,2,190,1,largest,truth_value,1,1,original,2.0,numerosity
166,R_2AbPByjs6GwAqNH,7,emptytruthvaluequery2,False,2,191,1,empty,truth_value,2,1,original,2.0,geometry
167,R_2AbPByjs6GwAqNH,7,efficiencytruthvaluequery1,True,2,192,1,efficiency,truth_value,1,0,original,2.0,social
168,R_2AbPByjs6GwAqNH,7,ToMtruthvaluequery2,True,2,193,0,ToM,truth_value,2,4,original,3.0,social
169,R_2AbPByjs6GwAqNH,7,alivetruthvaluequery2,False,2,194,1,alive,truth_value,2,4,original,3.0,temporal
170,R_2AbPByjs6GwAqNH,7,filltruthvaluequery2,True,2,195,0,fill,truth_value,2,0,original,3.0,geometry
171,R_2AbPByjs6GwAqNH,7,dyingtruthvaluequery1,True,2,196,1,dying,truth_value,1,0,original,3.0,temporal
183,R_2JIsSKLClFiYCY6,5,comingtruthvaluequery1,True,2,93,1,coming,truth_value,1,2,original,1.0,social
184,R_2JIsSKLClFiYCY6,5,age2truthvaluequery1,True,2,94,1,age2,truth_value,1,3,original,1.0,temporal
185,R_2JIsSKLClFiYCY6,5,taste2truthvaluequery1,True,2,95,1,taste2,truth_value,1,3,original,1.0,temporal
186,R_2JIsSKLClFiYCY6,5,surprisetruthvaluequery2,False,2,96,1,surprise,truth_value,2,4,original,1.0,social
187,R_2JIsSKLClFiYCY6,5,supporttruthvaluequery2,False,2,97,1,support,truth_value,2,1,original,2.0,objectness
188,R_2JIsSKLClFiYCY6,5,largesttruthvaluequery1,False,2,98,1,largest,truth_value,1,1,original,2.0,numerosity
189,R_2JIsSKLClFiYCY6,5,emptytruthvaluequery2,False,2,99,1,empty,truth_value,2,1,original,2.0,geometry
190,R_2JIsSKLClFiYCY6,5,efficiencytruthvaluequery1,True,2,100,1,efficiency,truth_value,1,0,original,2.0,social
191,R_2JIsSKLClFiYCY6,5,ToMtruthvaluequery2,True,2,101,0,ToM,truth_value,2,4,original,3.0,social
192,R_2JIsSKLClFiYCY6,5,alivetruthvaluequery2,False,2,102,1,alive,truth_value,2,4,original,3.0,temporal
193,R_2JIsSKLClFiYCY6,5,filltruthvaluequery2,False,2,103,1,fill,truth_value,2,0,original,3.0,geometry
194,R_2JIsSKLClFiYCY6,5,dyingtruthvaluequery1,True,2,104,1,dying,truth_value,1,0,original,3.0,temporal
206,R_82PbtRlJxA6hQax,7,comingtruthvaluequery1,True,2,461,1,coming,truth_value,1,2,original,1.0,social
207,R_82PbtRlJxA6hQax,7,age2truthvaluequery1,True,2,462,1,age2,truth_value,1,3,original,1.0,temporal
208,R_82PbtRlJxA6hQax,7,taste2truthvaluequery1,True,2,463,1,taste2,truth_value,1,3,original,1.0,temporal
209,R_82PbtRlJxA6hQax,7,surprisetruthvaluequery2,False,2,464,1,surprise,truth_value,2,4,original,1.0,social
210,R_82PbtRlJxA6hQax,7,supporttruthvaluequery2,True,2,465,0,support,truth_value,2,1,original,2.0,objectness
211,R_82PbtRlJxA6hQax,7,largesttruthvaluequery1,False,2,466,1,largest,truth_value,1,1,original,2.0,numerosity
212,R_82PbtRlJxA6hQax,7,emptytruthvaluequery2,True,2,467,0,empty,truth_value,2,1,original,2.0,geometry
213,R_82PbtRlJxA6hQax,7,efficiencytruthvaluequery1,True,2,468,1,efficiency,truth_value,1,0,original,2.0,social
214,R_82PbtRlJxA6hQax,7,ToMtruthvaluequery2,False,2,469,1,ToM,truth_value,2,4,original,3.0,social
215,R_82PbtRlJxA6hQax,7,alivetruthvaluequery2,False,2,470,1,alive,truth_value,2,4,original,3.0,temporal
216,R_82PbtRlJxA6hQax,7,filltruthvaluequery2,False,2,471,1,fill,truth_value,2,0,original,3.0,geometry
217,R_82PbtRlJxA6hQax,7,dyingtruthvaluequery1,True,2,472,1,dying,truth_value,1,0,original,3.0,temporal
229,R_88FWwjnDmIlALSh,6,comingtruthvaluequery1,True,2,277,1,coming,truth_value,1,2,original,1.0,social
230,R_88FWwjnDmIlALSh,6,age2truthvaluequery1,True,2,278,1,age2,truth_value,1,3,original,1.0,temporal
231,R_88FWwjnDmIlALSh,6,taste2truthvaluequery1,True,2,279,1,taste2,truth_value,1,3,original,1.0,temporal
232,R_88FWwjnDmIlALSh,6,surprisetruthvaluequery2,False,2,280,1,surprise,truth_value,2,4,original,1.0,social
233,R_88FWwjnDmIlALSh,6,supporttruthvaluequery2,True,2,281,0,support,truth_value,2,1,original,2.0,objectness
234,R_88FWwjnDmIlALSh,6,largesttruthvaluequery1,False,2,282,1,largest,truth_value,1,1,original,2.0,numerosity
235,R_88FWwjnDmIlALSh,6,emptytruthvaluequery2,False,2,283,1,empty,truth_value,2,1,original,2.0,geometry
236,R_88FWwjnDmIlALSh,6,efficiencytruthvaluequery1,False,2,284,0,efficiency,truth_value,1,0,original,2.0,social
237,R_88FWwjnDmIlALSh,6,ToMtruthvaluequery2,False,2,285,1,ToM,truth_value,2,4,original,3.0,social
238,R_88FWwjnDmIlALSh,6,alivetruthvaluequery2,False,2,286,1,alive,truth_value,2,4,original,3.0,temporal
239,R_88FWwjnDmIlALSh,6,filltruthvaluequery2,False,2,287,1,fill,truth_value,2,0,original,3.0,geometry
240,R_88FWwjnDmIlALSh,6,dyingtruthvaluequery1,True,2,288,1,dying,truth_value,1,0,original,3.0,temporal
252,R_8OGBoWXDfyIzKE2,7,comingtruthvaluequery1,True,2,369,1,coming,truth_value,1,2,original,1.0,social
253,R_8OGBoWXDfyIzKE2,7,age2truthvaluequery1,True,2,370,1,age2,truth_value,1,3,original,1.0,temporal
254,R_8OGBoWXDfyIzKE2,7,taste2truthvaluequery1,False,2,371,0,taste2,truth_value,1,3,original,1.0,temporal
255,R_8OGBoWXDfyIzKE2,7,surprisetruthvaluequery2,False,2,372,1,surprise,truth_value,2,4,original,1.0,social
256,R_8OGBoWXDfyIzKE2,7,supporttruthvaluequery2,False,2,373,1,support,truth_value,2,1,original,2.0,objectness
257,R_8OGBoWXDfyIzKE2,7,largesttruthvaluequery1,False,2,374,1,largest,truth_value,1,1,original,2.0,numerosity
258,R_8OGBoWXDfyIzKE2,7,emptytruthvaluequery2,False,2,375,1,empty,truth_value,2,1,original,2.0,geometry
259,R_8OGBoWXDfyIzKE2,7,efficiencytruthvaluequery1,True,2,376,1,efficiency,truth_value,1,0,original,2.0,social
260,R_8OGBoWXDfyIzKE2,7,ToMtruthvaluequery2,True,2,377,0,ToM,truth_value,2,4,original,3.0,social
261,R_8OGBoWXDfyIzKE2,7,alivetruthvaluequery2,True,2,378,0,alive,truth_value,2,4,original,3.0,temporal
262,R_8OGBoWXDfyIzKE2,7,filltruthvaluequery2,False,2,379,1,fill,truth_value,2,0,original,3.0,geometry
263,R_8OGBoWXDfyIzKE2,7,dyingtruthvaluequery1,False,2,380,1,dying,truth_value,1,0,original,3.0,temporal
275,R_8QthgUwX0iY3JJt,7,comingtruthvaluequery1,True,2,1,1,coming,truth_value,1,2,original,1.0,social
276,R_8QthgUwX0iY3JJt,7,age2truthvaluequery1,True,2,2,1,age2,truth_value,1,3,original,1.0,temporal
277,R_8QthgUwX0iY3JJt,7,taste2truthvaluequery1,True,2,3,1,taste2,truth_value,1,3,original,1.0,temporal
278,R_8QthgUwX0iY3JJt,7,surprisetruthvaluequery2,False,2,4,1,surprise,truth_value,2,4,original,1.0,social
279,R_8QthgUwX0iY3JJt,7,supporttruthvaluequery2,True,2,5,0,support,truth_value,2,1,original,2.0,objectness
280,R_8QthgUwX0iY3JJt,7,largesttruthvaluequery1,False,2,6,1,largest,truth_value,1,1,original,2.0,numerosity
281,R_8QthgUwX0iY3JJt,7,emptytruthvaluequery2,False,2,7,1,empty,truth_value,2,1,original,2.0,geometry
282,R_8QthgUwX0iY3JJt,7,efficiencytruthvaluequery1,True,2,8,1,efficiency,truth_value,1,0,original,2.0,social
283,R_8QthgUwX0iY3JJt,7,ToMtruthvaluequery2,True,2,9,0,ToM,truth_value,2,4,original,3.0,social
284,R_8QthgUwX0iY3JJt,7,alivetruthvaluequery2,True,2,10,0,alive,truth_value,2,4,original,3.0,temporal
285,R_8QthgUwX0iY3JJt,7,filltruthvaluequery2,False,2,11,1,fill,truth_value,2,0,original,3.0,geometry
286,R_8QthgUwX0iY3JJt,7,dyingtruthvaluequery1,False,2,12,1,dying,truth_value,1,0,original,3.0,temporal
298,R_8ijJGZWfPYPIkLr,5,comingtruthvaluequery1,True,2,553,1,coming,truth_value,1,2,original,1.0,social
299,R_8ijJGZWfPYPIkLr,5,age2truthvaluequery1,True,2,554,1,age2,truth_value,1,3,original,1.0,temporal
300,R_8ijJGZWfPYPIkLr,5,taste2truthvaluequery1,True,2,555,1,taste2,truth_value,1,3,original,1.0,temporal
301,R_8ijJGZWfPYPIkLr,5,surprisetruthvaluequery2,False,2,556,1,surprise,truth_value,2,4,original,1.0,social
302,R_8ijJGZWfPYPIkLr,5,supporttruthvaluequery2,True,2,557,0,support,truth_value,2,1,original,2.0,objectness
303,R_8ijJGZWfPYPIkLr,5,largesttruthvaluequery1,True,2,558,1,largest,truth_value,1,1,original,2.0,numerosity
304,R_8ijJGZWfPYPIkLr,5,emptytruthvaluequery2,True,2,559,0,empty,truth_value,2,1,original,2.0,geometry
305,R_8ijJGZWfPYPIkLr,5,efficiencytruthvaluequery1,True,2,560,1,efficiency,truth_value,1,0,original,2.0,social
306,R_8ijJGZWfPYPIkLr,5,ToMtruthvaluequery2,True,2,561,0,ToM,truth_value,2,4,original,3.0,social
307,R_8ijJGZWfPYPIkLr,5,alivetruthvaluequery2,True,2,562,0,alive,truth_value,2,4,original,3.0,temporal
308,R_8ijJGZWfPYPIkLr,5,filltruthvaluequery2,False,2,563,1,fill,truth_value,2,0,original,3.0,geometry
309,R_8ijJGZWfPYPIkLr,5,dyingtruthvaluequery1,True,2,564,1,dying,truth_value,1,0,original,3.0,temporal
321,R_271KyPA8bbwm5Zt,6,directionstruthvaluequery1,True,3,93,1,directions,truth_value,1,1,original,1.0,geometry
322,R_271KyPA8bbwm5Zt,6,daytruthvaluequery1,True,3,94,1,day,truth_value,1,0,original,1.0,temporal
323,R_271KyPA8bbwm5Zt,6,eatingtruthvaluequery1,False,3,95,1,eating,truth_value,1,4,original,1.0,objectness
324,R_271KyPA8bbwm5Zt,6,taste2truthvaluequery2,False,3,96,1,taste2,truth_value,2,2,original,1.0,temporal
325,R_271KyPA8bbwm5Zt,6,age2truthvaluequery2,True,3,97,0,age2,truth_value,2,4,original,1.0,temporal
326,R_271KyPA8bbwm5Zt,6,surprisetruthvaluequery1,True,3,98,1,surprise,truth_value,1,5,original,1.0,social
327,R_271KyPA8bbwm5Zt,6,goingtruthvaluequery1,False,3,99,1,going,truth_value,1,5,original,1.0,social
328,R_271KyPA8bbwm5Zt,6,abovetruthvaluequery2,False,3,100,1,above,truth_value,2,5,original,1.0,geometry
329,R_271KyPA8bbwm5Zt,6,slowertruthvaluequery1,True,3,101,1,slower,truth_value,1,3,original,2.0,temporal
330,R_271KyPA8bbwm5Zt,6,goaldirectednesstruthvaluequery1,True,3,102,1,goaldirectedness,truth_value,1,3,original,2.0,social
331,R_271KyPA8bbwm5Zt,6,drytruthvaluequery2,False,3,103,1,dry,truth_value,2,5,original,2.0,objectness
332,R_271KyPA8bbwm5Zt,6,besidestruthvaluequery2,False,3,104,1,besides,truth_value,2,4,original,2.0,geometry
343,R_2PiVsa4tOcvS5O1,6,directionstruthvaluequery1,True,3,277,1,directions,truth_value,1,1,original,1.0,geometry
344,R_2PiVsa4tOcvS5O1,6,daytruthvaluequery1,True,3,278,1,day,truth_value,1,0,original,1.0,temporal
345,R_2PiVsa4tOcvS5O1,6,eatingtruthvaluequery1,False,3,279,1,eating,truth_value,1,4,original,1.0,objectness
346,R_2PiVsa4tOcvS5O1,6,taste2truthvaluequery2,True,3,280,0,taste2,truth_value,2,2,original,1.0,temporal
347,R_2PiVsa4tOcvS5O1,6,age2truthvaluequery2,False,3,281,1,age2,truth_value,2,4,original,1.0,temporal
348,R_2PiVsa4tOcvS5O1,6,surprisetruthvaluequery1,False,3,282,0,surprise,truth_value,1,5,original,1.0,social
349,R_2PiVsa4tOcvS5O1,6,goingtruthvaluequery1,False,3,283,1,going,truth_value,1,5,original,1.0,social
350,R_2PiVsa4tOcvS5O1,6,abovetruthvaluequery2,False,3,284,1,above,truth_value,2,5,original,1.0,geometry
351,R_2PiVsa4tOcvS5O1,6,slowertruthvaluequery1,False,3,285,0,slower,truth_value,1,3,original,2.0,temporal
352,R_2PiVsa4tOcvS5O1,6,goaldirectednesstruthvaluequery1,True,3,286,1,goaldirectedness,truth_value,1,3,original,2.0,social
353,R_2PiVsa4tOcvS5O1,6,drytruthvaluequery2,False,3,287,1,dry,truth_value,2,5,original,2.0,objectness
354,R_2PiVsa4tOcvS5O1,6,besidestruthvaluequery2,False,3,288,1,besides,truth_value,2,4,original,2.0,geometry
365,R_2duwlmkzpympN2V,5,directionstruthvaluequery1,True,3,461,1,directions,truth_value,1,1,original,1.0,geometry
366,R_2duwlmkzpympN2V,5,daytruthvaluequery1,True,3,462,1,day,truth_value,1,0,original,1.0,temporal
367,R_2duwlmkzpympN2V,5,eatingtruthvaluequery1,False,3,463,1,eating,truth_value,1,4,original,1.0,objectness
368,R_2duwlmkzpympN2V,5,taste2truthvaluequery2,False,3,464,1,taste2,truth_value,2,2,original,1.0,temporal
369,R_2duwlmkzpympN2V,5,age2truthvaluequery2,False,3,465,1,age2,truth_value,2,4,original,1.0,temporal
370,R_2duwlmkzpympN2V,5,surprisetruthvaluequery1,False,3,466,0,surprise,truth_value,1,5,original,1.0,social
371,R_2duwlmkzpympN2V,5,goingtruthvaluequery1,False,3,467,1,going,truth_value,1,5,original,1.0,social
372,R_2duwlmkzpympN2V,5,abovetruthvaluequery2,False,3,468,1,above,truth_value,2,5,original,1.0,geometry
373,R_2duwlmkzpympN2V,5,slowertruthvaluequery1,True,3,469,1,slower,truth_value,1,3,original,2.0,temporal
374,R_2duwlmkzpympN2V,5,goaldirectednesstruthvaluequery1,True,3,470,1,goaldirectedness,truth_value,1,3,original,2.0,social
375,R_2duwlmkzpympN2V,5,drytruthvaluequery2,False,3,471,1,dry,truth_value,2,5,original,2.0,objectness
376,R_2duwlmkzpympN2V,5,besidestruthvaluequery2,False,3,472,1,besides,truth_value,2,4,original,2.0,geometry
387,R_2o5zerK8owggjub,6,directionstruthvaluequery1,True,3,553,1,directions,truth_value,1,1,original,1.0,geometry
388,R_2o5zerK8owggjub,6,daytruthvaluequery1,True,3,554,1,day,truth_value,1,0,original,1.0,temporal
389,R_2o5zerK8owggjub,6,eatingtruthvaluequery1,False,3,555,1,eating,truth_value,1,4,original,1.0,objectness
390,R_2o5zerK8owggjub,6,taste2truthvaluequery2,False,3,556,1,taste2,truth_value,2,2,original,1.0,temporal
391,R_2o5zerK8owggjub,6,age2truthvaluequery2,False,3,557,1,age2,truth_value,2,4,original,1.0,temporal
392,R_2o5zerK8owggjub,6,surprisetruthvaluequery1,False,3,558,0,surprise,truth_value,1,5,original,1.0,social
393,R_2o5zerK8owggjub,6,goingtruthvaluequery1,False,3,559,1,going,truth_value,1,5,original,1.0,social
394,R_2o5zerK8owggjub,6,abovetruthvaluequery2,False,3,560,1,above,truth_value,2,5,original,1.0,geometry
395,R_2o5zerK8owggjub,6,slowertruthvaluequery1,True,3,561,1,slower,truth_value,1,3,original,2.0,temporal
396,R_2o5zerK8owggjub,6,goaldirectednesstruthvaluequery1,True,3,562,1,goaldirectedness,truth_value,1,3,original,2.0,social
397,R_2o5zerK8owggjub,6,drytruthvaluequery2,False,3,563,1,dry,truth_value,2,5,original,2.0,objectness
398,R_2o5zerK8owggjub,6,besidestruthvaluequery2,False,3,564,1,besides,truth_value,2,4,original,2.0,geometry
409,R_8FkRTzhTgJtvPcX,6,directionstruthvaluequery1,True,3,369,1,directions,truth_value,1,1,original,1.0,geometry
410,R_8FkRTzhTgJtvPcX,6,daytruthvaluequery1,True,3,370,1,day,truth_value,1,0,original,1.0,temporal
411,R_8FkRTzhTgJtvPcX,6,eatingtruthvaluequery1,False,3,371,1,eating,truth_value,1,4,original,1.0,objectness
412,R_8FkRTzhTgJtvPcX,6,taste2truthvaluequery2,False,3,372,1,taste2,truth_value,2,2,original,1.0,temporal
413,R_8FkRTzhTgJtvPcX,6,age2truthvaluequery2,False,3,373,1,age2,truth_value,2,4,original,1.0,temporal
414,R_8FkRTzhTgJtvPcX,6,surprisetruthvaluequery1,True,3,374,1,surprise,truth_value,1,5,original,1.0,social
415,R_8FkRTzhTgJtvPcX,6,goingtruthvaluequery1,False,3,375,1,going,truth_value,1,5,original,1.0,social
416,R_8FkRTzhTgJtvPcX,6,abovetruthvaluequery2,True,3,376,0,above,truth_value,2,5,original,1.0,geometry
417,R_8FkRTzhTgJtvPcX,6,slowertruthvaluequery1,False,3,377,0,slower,truth_value,1,3,original,2.0,temporal
418,R_8FkRTzhTgJtvPcX,6,goaldirectednesstruthvaluequery1,True,3,378,1,goaldirectedness,truth_value,1,3,original,2.0,social
419,R_8FkRTzhTgJtvPcX,6,drytruthvaluequery2,True,3,379,0,dry,truth_value,2,5,original,2.0,objectness
420,R_8FkRTzhTgJtvPcX,6,besidestruthvaluequery2,False,3,380,1,besides,truth_value,2,4,original,2.0,geometry
431,R_8OoALMCflzl9DSY,5,directionstruthvaluequery1,False,3,185,0,directions,truth_value,1,1,original,1.0,geometry
432,R_8OoALMCflzl9DSY,5,daytruthvaluequery1,True,3,186,1,day,truth_value,1,0,original,1.0,temporal
433,R_8OoALMCflzl9DSY,5,eatingtruthvaluequery1,False,3,187,1,eating,truth_value,1,4,original,1.0,objectness
434,R_8OoALMCflzl9DSY,5,taste2truthvaluequery2,True,3,188,0,taste2,truth_value,2,2,original,1.0,temporal
435,R_8OoALMCflzl9DSY,5,age2truthvaluequery2,False,3,189,1,age2,truth_value,2,4,original,1.0,temporal
436,R_8OoALMCflzl9DSY,5,surprisetruthvaluequery1,True,3,190,1,surprise,truth_value,1,5,original,1.0,social
437,R_8OoALMCflzl9DSY,5,goingtruthvaluequery1,True,3,191,1,going,truth_value,1,5,original,1.0,social
438,R_8OoALMCflzl9DSY,5,abovetruthvaluequery2,True,3,192,0,above,truth_value,2,5,original,1.0,geometry
439,R_8OoALMCflzl9DSY,5,slowertruthvaluequery1,True,3,193,1,slower,truth_value,1,3,original,2.0,temporal
440,R_8OoALMCflzl9DSY,5,goaldirectednesstruthvaluequery1,True,3,194,1,goaldirectedness,truth_value,1,3,original,2.0,social
441,R_8OoALMCflzl9DSY,5,drytruthvaluequery2,True,3,195,0,dry,truth_value,2,5,original,2.0,objectness
442,R_8OoALMCflzl9DSY,5,besidestruthvaluequery2,True,3,196,0,besides,truth_value,2,4,original,2.0,geometry
453,R_8Wy8yg38BGgO5RT,7,directionstruthvaluequery1,True,3,1,1,directions,truth_value,1,1,original,1.0,geometry
454,R_8Wy8yg38BGgO5RT,7,daytruthvaluequery1,True,3,2,1,day,truth_value,1,0,original,1.0,temporal
455,R_8Wy8yg38BGgO5RT,7,eatingtruthvaluequery1,False,3,3,1,eating,truth_value,1,4,original,1.0,objectness
456,R_8Wy8yg38BGgO5RT,7,taste2truthvaluequery2,True,3,4,0,taste2,truth_value,2,2,original,1.0,temporal
457,R_8Wy8yg38BGgO5RT,7,age2truthvaluequery2,False,3,5,1,age2,truth_value,2,4,original,1.0,temporal
458,R_8Wy8yg38BGgO5RT,7,surprisetruthvaluequery1,False,3,6,0,surprise,truth_value,1,5,original,1.0,social
459,R_8Wy8yg38BGgO5RT,7,goingtruthvaluequery1,False,3,7,1,going,truth_value,1,5,original,1.0,social
460,R_8Wy8yg38BGgO5RT,7,abovetruthvaluequery2,False,3,8,1,above,truth_value,2,5,original,1.0,geometry
461,R_8Wy8yg38BGgO5RT,7,slowertruthvaluequery1,False,3,9,0,slower,truth_value,1,3,original,2.0,temporal
462,R_8Wy8yg38BGgO5RT,7,goaldirectednesstruthvaluequery1,True,3,10,1,goaldirectedness,truth_value,1,3,original,2.0,social
463,R_8Wy8yg38BGgO5RT,7,drytruthvaluequery2,False,3,11,1,dry,truth_value,2,5,original,2.0,objectness
464,R_8Wy8yg38BGgO5RT,7,besidestruthvaluequery2,False,3,12,1,besides,truth_value,2,4,original,2.0,geometry
475,R_2BORCQnniI0pa8p,7,ToMtruthvaluequery1,False,4,369,1,ToM,truth_value,1,5,shuffled,3.0,social
476,R_2BORCQnniI0pa8p,7,surprisetruthvaluequery1,False,4,370,0,surprise,truth_value,1,4,shuffled,1.0,social
477,R_2BORCQnniI0pa8p,7,abovetruthvaluequery2,False,4,371,1,above,truth_value,2,4,shuffled,1.0,geometry
478,R_2BORCQnniI0pa8p,7,agetruthvaluequery1,True,4,372,1,age,truth_value,1,4,shuffled,1.0,temporal
479,R_2BORCQnniI0pa8p,7,directionstruthvaluequery2,False,4,373,1,directions,truth_value,2,2,shuffled,1.0,geometry
480,R_2BORCQnniI0pa8p,7,alivetruthvaluequery1,False,4,374,0,alive,truth_value,1,3,shuffled,3.0,temporal
481,R_2BORCQnniI0pa8p,7,shadowtruthvaluequery1,True,4,375,1,shadow,truth_value,1,0,shuffled,2.0,geometry
482,R_2BORCQnniI0pa8p,7,goingtruthvaluequery1,False,4,376,1,going,truth_value,1,5,shuffled,1.0,social
483,R_2BORCQnniI0pa8p,7,largesttruthvaluequery1,False,4,377,1,largest,truth_value,1,1,shuffled,2.0,numerosity
484,R_2BORCQnniI0pa8p,7,surroundingtruthvaluequery1,True,4,378,1,surrounding,truth_value,1,0,shuffled,3.0,geometry
498,R_2EYWdnrkfH1qdi3,6,ToMtruthvaluequery1,False,4,185,1,ToM,truth_value,1,5,shuffled,3.0,social
499,R_2EYWdnrkfH1qdi3,6,surprisetruthvaluequery1,False,4,186,0,surprise,truth_value,1,4,shuffled,1.0,social
500,R_2EYWdnrkfH1qdi3,6,abovetruthvaluequery2,False,4,187,1,above,truth_value,2,4,shuffled,1.0,geometry
501,R_2EYWdnrkfH1qdi3,6,agetruthvaluequery1,True,4,188,1,age,truth_value,1,4,shuffled,1.0,temporal
502,R_2EYWdnrkfH1qdi3,6,directionstruthvaluequery2,False,4,189,1,directions,truth_value,2,2,shuffled,1.0,geometry
503,R_2EYWdnrkfH1qdi3,6,alivetruthvaluequery1,True,4,190,1,alive,truth_value,1,3,shuffled,3.0,temporal
504,R_2EYWdnrkfH1qdi3,6,shadowtruthvaluequery1,True,4,191,1,shadow,truth_value,1,0,shuffled,2.0,geometry
505,R_2EYWdnrkfH1qdi3,6,goingtruthvaluequery1,False,4,192,1,going,truth_value,1,5,shuffled,1.0,social
506,R_2EYWdnrkfH1qdi3,6,largesttruthvaluequery1,False,4,193,1,largest,truth_value,1,1,shuffled,2.0,numerosity
507,R_2EYWdnrkfH1qdi3,6,surroundingtruthvaluequery1,False,4,194,0,surrounding,truth_value,1,0,shuffled,3.0,geometry
521,R_2ZnSolNbZ0RaRJn,7,ToMtruthvaluequery1,True,4,1,1,ToM,truth_value,1,5,shuffled,3.0,social
522,R_2ZnSolNbZ0RaRJn,7,surprisetruthvaluequery1,False,4,2,0,surprise,truth_value,1,4,shuffled,1.0,social
523,R_2ZnSolNbZ0RaRJn,7,abovetruthvaluequery2,False,4,3,1,above,truth_value,2,4,shuffled,1.0,geometry
524,R_2ZnSolNbZ0RaRJn,7,agetruthvaluequery1,True,4,4,1,age,truth_value,1,4,shuffled,1.0,temporal
525,R_2ZnSolNbZ0RaRJn,7,directionstruthvaluequery2,False,4,5,1,directions,truth_value,2,2,shuffled,1.0,geometry
526,R_2ZnSolNbZ0RaRJn,7,alivetruthvaluequery1,True,4,6,1,alive,truth_value,1,3,shuffled,3.0,temporal
527,R_2ZnSolNbZ0RaRJn,7,shadowtruthvaluequery1,True,4,7,1,shadow,truth_value,1,0,shuffled,2.0,geometry
528,R_2ZnSolNbZ0RaRJn,7,goingtruthvaluequery1,False,4,8,1,going,truth_value,1,5,shuffled,1.0,social
529,R_2ZnSolNbZ0RaRJn,7,largesttruthvaluequery1,True,4,9,1,largest,truth_value,1,1,shuffled,2.0,numerosity
530,R_2ZnSolNbZ0RaRJn,7,surroundingtruthvaluequery1,True,4,10,1,surrounding,truth_value,1,0,shuffled,3.0,geometry
544,R_2kKDOfdDRAG4LNT,7,ToMtruthvaluequery1,False,4,93,1,ToM,truth_value,1,5,shuffled,3.0,social
545,R_2kKDOfdDRAG4LNT,7,surprisetruthvaluequery1,False,4,94,0,surprise,truth_value,1,4,shuffled,1.0,social
546,R_2kKDOfdDRAG4LNT,7,abovetruthvaluequery2,False,4,95,1,above,truth_value,2,4,shuffled,1.0,geometry
547,R_2kKDOfdDRAG4LNT,7,agetruthvaluequery1,True,4,96,1,age,truth_value,1,4,shuffled,1.0,temporal
548,R_2kKDOfdDRAG4LNT,7,directionstruthvaluequery2,False,4,97,1,directions,truth_value,2,2,shuffled,1.0,geometry
549,R_2kKDOfdDRAG4LNT,7,alivetruthvaluequery1,False,4,98,0,alive,truth_value,1,3,shuffled,3.0,temporal
550,R_2kKDOfdDRAG4LNT,7,shadowtruthvaluequery1,True,4,99,1,shadow,truth_value,1,0,shuffled,2.0,geometry
551,R_2kKDOfdDRAG4LNT,7,goingtruthvaluequery1,False,4,100,1,going,truth_value,1,5,shuffled,1.0,social
552,R_2kKDOfdDRAG4LNT,7,largesttruthvaluequery1,False,4,101,1,largest,truth_value,1,1,shuffled,2.0,numerosity
553,R_2kKDOfdDRAG4LNT,7,surroundingtruthvaluequery1,True,4,102,1,surrounding,truth_value,1,0,shuffled,3.0,geometry
567,R_2qgB4zO2GSZpG9h,6,ToMtruthvaluequery1,False,4,553,1,ToM,truth_value,1,5,shuffled,3.0,social
568,R_2qgB4zO2GSZpG9h,6,surprisetruthvaluequery1,False,4,554,0,surprise,truth_value,1,4,shuffled,1.0,social
569,R_2qgB4zO2GSZpG9h,6,abovetruthvaluequery2,False,4,555,1,above,truth_value,2,4,shuffled,1.0,geometry
570,R_2qgB4zO2GSZpG9h,6,agetruthvaluequery1,True,4,556,1,age,truth_value,1,4,shuffled,1.0,temporal
571,R_2qgB4zO2GSZpG9h,6,directionstruthvaluequery2,False,4,557,1,directions,truth_value,2,2,shuffled,1.0,geometry
572,R_2qgB4zO2GSZpG9h,6,alivetruthvaluequery1,True,4,558,1,alive,truth_value,1,3,shuffled,3.0,temporal
573,R_2qgB4zO2GSZpG9h,6,shadowtruthvaluequery1,True,4,559,1,shadow,truth_value,1,0,shuffled,2.0,geometry
574,R_2qgB4zO2GSZpG9h,6,goingtruthvaluequery1,False,4,560,1,going,truth_value,1,5,shuffled,1.0,social
575,R_2qgB4zO2GSZpG9h,6,largesttruthvaluequery1,True,4,561,1,largest,truth_value,1,1,shuffled,2.0,numerosity
576,R_2qgB4zO2GSZpG9h,6,surroundingtruthvaluequery1,True,4,562,1,surrounding,truth_value,1,0,shuffled,3.0,geometry
590,R_80OaS4HM7zhosqi,7,ToMtruthvaluequery1,True,4,277,1,ToM,truth_value,1,5,shuffled,3.0,social
591,R_80OaS4HM7zhosqi,7,surprisetruthvaluequery1,True,4,278,1,surprise,truth_value,1,4,shuffled,1.0,social
592,R_80OaS4HM7zhosqi,7,abovetruthvaluequery2,False,4,279,1,above,truth_value,2,4,shuffled,1.0,geometry
593,R_80OaS4HM7zhosqi,7,agetruthvaluequery1,True,4,280,1,age,truth_value,1,4,shuffled,1.0,temporal
594,R_80OaS4HM7zhosqi,7,directionstruthvaluequery2,False,4,281,1,directions,truth_value,2,2,shuffled,1.0,geometry
595,R_80OaS4HM7zhosqi,7,alivetruthvaluequery1,True,4,282,1,alive,truth_value,1,3,shuffled,3.0,temporal
596,R_80OaS4HM7zhosqi,7,shadowtruthvaluequery1,True,4,283,1,shadow,truth_value,1,0,shuffled,2.0,geometry
597,R_80OaS4HM7zhosqi,7,goingtruthvaluequery1,False,4,284,1,going,truth_value,1,5,shuffled,1.0,social
598,R_80OaS4HM7zhosqi,7,largesttruthvaluequery1,False,4,285,1,largest,truth_value,1,1,shuffled,2.0,numerosity
599,R_80OaS4HM7zhosqi,7,surroundingtruthvaluequery1,True,4,286,1,surrounding,truth_value,1,0,shuffled,3.0,geometry
613,R_8Lb6c6KpsUOyqOM,7,ToMtruthvaluequery1,True,4,461,1,ToM,truth_value,1,5,shuffled,3.0,social
614,R_8Lb6c6KpsUOyqOM,7,surprisetruthvaluequery1,True,4,462,1,surprise,truth_value,1,4,shuffled,1.0,social
615,R_8Lb6c6KpsUOyqOM,7,abovetruthvaluequery2,False,4,463,1,above,truth_value,2,4,shuffled,1.0,geometry
616,R_8Lb6c6KpsUOyqOM,7,agetruthvaluequery1,True,4,464,1,age,truth_value,1,4,shuffled,1.0,temporal
617,R_8Lb6c6KpsUOyqOM,7,directionstruthvaluequery2,False,4,465,1,directions,truth_value,2,2,shuffled,1.0,geometry
618,R_8Lb6c6KpsUOyqOM,7,alivetruthvaluequery1,True,4,466,1,alive,truth_value,1,3,shuffled,3.0,temporal
619,R_8Lb6c6KpsUOyqOM,7,shadowtruthvaluequery1,True,4,467,1,shadow,truth_value,1,0,shuffled,2.0,geometry
620,R_8Lb6c6KpsUOyqOM,7,goingtruthvaluequery1,False,4,468,1,going,truth_value,1,5,shuffled,1.0,social
621,R_8Lb6c6KpsUOyqOM,7,largesttruthvaluequery1,False,4,469,1,largest,truth_value,1,1,shuffled,2.0,numerosity
622,R_8Lb6c6KpsUOyqOM,7,surroundingtruthvaluequery1,True,4,470,1,surrounding,truth_value,1,0,shuffled,3.0,geometry
636,R_275JJJnXnwFe9xf,6,supporttruthvaluequery2,False,5,274,1,support,truth_value,2,1,shuffled,2.0,objectness
637,R_275JJJnXnwFe9xf,6,efficiencytruthvaluequery1,True,5,275,1,efficiency,truth_value,1,0,shuffled,2.0,social
638,R_275JJJnXnwFe9xf,6,alivetruthvaluequery2,False,5,276,1,alive,truth_value,2,4,shuffled,3.0,temporal
639,R_275JJJnXnwFe9xf,6,age2truthvaluequery1,True,5,277,1,age2,truth_value,1,3,shuffled,1.0,temporal
640,R_275JJJnXnwFe9xf,6,dyingtruthvaluequery1,True,5,278,1,dying,truth_value,1,0,shuffled,3.0,temporal
641,R_275JJJnXnwFe9xf,6,largesttruthvaluequery1,False,5,279,1,largest,truth_value,1,1,shuffled,2.0,numerosity
642,R_275JJJnXnwFe9xf,6,filltruthvaluequery2,False,5,280,1,fill,truth_value,2,0,shuffled,3.0,geometry
643,R_275JJJnXnwFe9xf,6,emptytruthvaluequery2,False,5,281,1,empty,truth_value,2,1,shuffled,2.0,geometry
644,R_275JJJnXnwFe9xf,6,ToMtruthvaluequery2,True,5,282,0,ToM,truth_value,2,4,shuffled,3.0,social
645,R_275JJJnXnwFe9xf,6,comingtruthvaluequery1,True,5,283,1,coming,truth_value,1,2,shuffled,1.0,social
646,R_275JJJnXnwFe9xf,6,surprisetruthvaluequery2,False,5,284,1,surprise,truth_value,2,4,shuffled,1.0,social
647,R_275JJJnXnwFe9xf,6,taste2truthvaluequery1,True,5,285,1,taste2,truth_value,1,3,shuffled,1.0,temporal
659,R_2Dqmf990X6N1xC0,7,supporttruthvaluequery2,True,5,547,0,support,truth_value,2,1,shuffled,2.0,objectness
660,R_2Dqmf990X6N1xC0,7,efficiencytruthvaluequery1,True,5,548,1,efficiency,truth_value,1,0,shuffled,2.0,social
661,R_2Dqmf990X6N1xC0,7,alivetruthvaluequery2,False,5,549,1,alive,truth_value,2,4,shuffled,3.0,temporal
662,R_2Dqmf990X6N1xC0,7,age2truthvaluequery1,True,5,550,1,age2,truth_value,1,3,shuffled,1.0,temporal
663,R_2Dqmf990X6N1xC0,7,dyingtruthvaluequery1,False,5,551,1,dying,truth_value,1,0,shuffled,3.0,temporal
664,R_2Dqmf990X6N1xC0,7,largesttruthvaluequery1,False,5,552,1,largest,truth_value,1,1,shuffled,2.0,numerosity
665,R_2Dqmf990X6N1xC0,7,filltruthvaluequery2,False,5,553,1,fill,truth_value,2,0,shuffled,3.0,geometry
666,R_2Dqmf990X6N1xC0,7,emptytruthvaluequery2,True,5,554,0,empty,truth_value,2,1,shuffled,2.0,geometry
667,R_2Dqmf990X6N1xC0,7,ToMtruthvaluequery2,False,5,555,1,ToM,truth_value,2,4,shuffled,3.0,social
668,R_2Dqmf990X6N1xC0,7,comingtruthvaluequery1,True,5,556,1,coming,truth_value,1,2,shuffled,1.0,social
669,R_2Dqmf990X6N1xC0,7,surprisetruthvaluequery2,False,5,557,1,surprise,truth_value,2,4,shuffled,1.0,social
670,R_2Dqmf990X6N1xC0,7,taste2truthvaluequery1,True,5,558,1,taste2,truth_value,1,3,shuffled,1.0,temporal
682,R_2OoFfTtjF4aR6bV,6,supporttruthvaluequery2,True,5,183,0,support,truth_value,2,1,shuffled,2.0,objectness
683,R_2OoFfTtjF4aR6bV,6,efficiencytruthvaluequery1,True,5,184,1,efficiency,truth_value,1,0,shuffled,2.0,social
684,R_2OoFfTtjF4aR6bV,6,alivetruthvaluequery2,True,5,185,0,alive,truth_value,2,4,shuffled,3.0,temporal
685,R_2OoFfTtjF4aR6bV,6,age2truthvaluequery1,True,5,186,1,age2,truth_value,1,3,shuffled,1.0,temporal
686,R_2OoFfTtjF4aR6bV,6,dyingtruthvaluequery1,False,5,187,1,dying,truth_value,1,0,shuffled,3.0,temporal
687,R_2OoFfTtjF4aR6bV,6,largesttruthvaluequery1,False,5,188,1,largest,truth_value,1,1,shuffled,2.0,numerosity
688,R_2OoFfTtjF4aR6bV,6,filltruthvaluequery2,False,5,189,1,fill,truth_value,2,0,shuffled,3.0,geometry
689,R_2OoFfTtjF4aR6bV,6,emptytruthvaluequery2,False,5,190,1,empty,truth_value,2,1,shuffled,2.0,geometry
690,R_2OoFfTtjF4aR6bV,6,ToMtruthvaluequery2,True,5,191,0,ToM,truth_value,2,4,shuffled,3.0,social
691,R_2OoFfTtjF4aR6bV,6,comingtruthvaluequery1,True,5,192,1,coming,truth_value,1,2,shuffled,1.0,social
692,R_2OoFfTtjF4aR6bV,6,surprisetruthvaluequery2,False,5,193,1,surprise,truth_value,2,4,shuffled,1.0,social
693,R_2OoFfTtjF4aR6bV,6,taste2truthvaluequery1,False,5,194,0,taste2,truth_value,1,3,shuffled,1.0,temporal
705,R_2Pv30PuIrz1flDi,7,supporttruthvaluequery2,True,5,92,0,support,truth_value,2,1,shuffled,2.0,objectness
706,R_2Pv30PuIrz1flDi,7,efficiencytruthvaluequery1,True,5,93,1,efficiency,truth_value,1,0,shuffled,2.0,social
707,R_2Pv30PuIrz1flDi,7,alivetruthvaluequery2,False,5,94,1,alive,truth_value,2,4,shuffled,3.0,temporal
708,R_2Pv30PuIrz1flDi,7,age2truthvaluequery1,True,5,95,1,age2,truth_value,1,3,shuffled,1.0,temporal
709,R_2Pv30PuIrz1flDi,7,dyingtruthvaluequery1,True,5,96,1,dying,truth_value,1,0,shuffled,3.0,temporal
710,R_2Pv30PuIrz1flDi,7,largesttruthvaluequery1,False,5,97,1,largest,truth_value,1,1,shuffled,2.0,numerosity
711,R_2Pv30PuIrz1flDi,7,filltruthvaluequery2,False,5,98,1,fill,truth_value,2,0,shuffled,3.0,geometry
712,R_2Pv30PuIrz1flDi,7,emptytruthvaluequery2,False,5,99,1,empty,truth_value,2,1,shuffled,2.0,geometry
713,R_2Pv30PuIrz1flDi,7,ToMtruthvaluequery2,True,5,100,0,ToM,truth_value,2,4,shuffled,3.0,social
714,R_2Pv30PuIrz1flDi,7,surprisetruthvaluequery2,True,5,102,0,surprise,truth_value,2,4,shuffled,1.0,social
715,R_2Pv30PuIrz1flDi,7,taste2truthvaluequery1,False,5,103,0,taste2,truth_value,1,3,shuffled,1.0,temporal
727,R_2dXnF7WMcmPPF5L,7,supporttruthvaluequery2,True,5,456,0,support,truth_value,2,1,shuffled,2.0,objectness
728,R_2dXnF7WMcmPPF5L,7,efficiencytruthvaluequery1,True,5,457,1,efficiency,truth_value,1,0,shuffled,2.0,social
729,R_2dXnF7WMcmPPF5L,7,alivetruthvaluequery2,True,5,458,0,alive,truth_value,2,4,shuffled,3.0,temporal
730,R_2dXnF7WMcmPPF5L,7,age2truthvaluequery1,True,5,459,1,age2,truth_value,1,3,shuffled,1.0,temporal
731,R_2dXnF7WMcmPPF5L,7,dyingtruthvaluequery1,True,5,460,1,dying,truth_value,1,0,shuffled,3.0,temporal
732,R_2dXnF7WMcmPPF5L,7,largesttruthvaluequery1,False,5,461,1,largest,truth_value,1,1,shuffled,2.0,numerosity
733,R_2dXnF7WMcmPPF5L,7,filltruthvaluequery2,False,5,462,1,fill,truth_value,2,0,shuffled,3.0,geometry
734,R_2dXnF7WMcmPPF5L,7,emptytruthvaluequery2,True,5,463,0,empty,truth_value,2,1,shuffled,2.0,geometry
735,R_2dXnF7WMcmPPF5L,7,ToMtruthvaluequery2,True,5,464,0,ToM,truth_value,2,4,shuffled,3.0,social
736,R_2dXnF7WMcmPPF5L,7,comingtruthvaluequery1,True,5,465,1,coming,truth_value,1,2,shuffled,1.0,social
737,R_2dXnF7WMcmPPF5L,7,surprisetruthvaluequery2,False,5,466,1,surprise,truth_value,2,4,shuffled,1.0,social
738,R_2dXnF7WMcmPPF5L,7,taste2truthvaluequery1,True,5,467,1,taste2,truth_value,1,3,shuffled,1.0,temporal
750,R_2xK1a0lg8JBtx5S,6,supporttruthvaluequery2,False,5,1,1,support,truth_value,2,1,shuffled,2.0,objectness
751,R_2xK1a0lg8JBtx5S,6,efficiencytruthvaluequery1,True,5,2,1,efficiency,truth_value,1,0,shuffled,2.0,social
752,R_2xK1a0lg8JBtx5S,6,alivetruthvaluequery2,False,5,3,1,alive,truth_value,2,4,shuffled,3.0,temporal
753,R_2xK1a0lg8JBtx5S,6,age2truthvaluequery1,True,5,4,1,age2,truth_value,1,3,shuffled,1.0,temporal
754,R_2xK1a0lg8JBtx5S,6,dyingtruthvaluequery1,True,5,5,1,dying,truth_value,1,0,shuffled,3.0,temporal
755,R_2xK1a0lg8JBtx5S,6,largesttruthvaluequery1,True,5,6,1,largest,truth_value,1,1,shuffled,2.0,numerosity
756,R_2xK1a0lg8JBtx5S,6,filltruthvaluequery2,False,5,7,1,fill,truth_value,2,0,shuffled,3.0,geometry
757,R_2xK1a0lg8JBtx5S,6,emptytruthvaluequery2,False,5,8,1,empty,truth_value,2,1,shuffled,2.0,geometry
758,R_2xK1a0lg8JBtx5S,6,ToMtruthvaluequery2,True,5,9,0,ToM,truth_value,2,4,shuffled,3.0,social
759,R_2xK1a0lg8JBtx5S,6,comingtruthvaluequery1,False,5,10,0,coming,truth_value,1,2,shuffled,1.0,social
760,R_2xK1a0lg8JBtx5S,6,surprisetruthvaluequery2,False,5,11,1,surprise,truth_value,2,4,shuffled,1.0,social
761,R_2xK1a0lg8JBtx5S,6,taste2truthvaluequery1,True,5,12,1,taste2,truth_value,1,3,shuffled,1.0,temporal
773,R_8VxB6pPyXB3kyAq,6,supporttruthvaluequery2,True,5,365,0,support,truth_value,2,1,shuffled,2.0,objectness
774,R_8VxB6pPyXB3kyAq,6,efficiencytruthvaluequery1,True,5,366,1,efficiency,truth_value,1,0,shuffled,2.0,social
775,R_8VxB6pPyXB3kyAq,6,alivetruthvaluequery2,True,5,367,0,alive,truth_value,2,4,shuffled,3.0,temporal
776,R_8VxB6pPyXB3kyAq,6,age2truthvaluequery1,True,5,368,1,age2,truth_value,1,3,shuffled,1.0,temporal
777,R_8VxB6pPyXB3kyAq,6,dyingtruthvaluequery1,True,5,369,1,dying,truth_value,1,0,shuffled,3.0,temporal
778,R_8VxB6pPyXB3kyAq,6,largesttruthvaluequery1,False,5,370,1,largest,truth_value,1,1,shuffled,2.0,numerosity
779,R_8VxB6pPyXB3kyAq,6,filltruthvaluequery2,False,5,371,1,fill,truth_value,2,0,shuffled,3.0,geometry
780,R_8VxB6pPyXB3kyAq,6,emptytruthvaluequery2,True,5,372,0,empty,truth_value,2,1,shuffled,2.0,geometry
781,R_8VxB6pPyXB3kyAq,6,ToMtruthvaluequery2,True,5,373,0,ToM,truth_value,2,4,shuffled,3.0,social
782,R_8VxB6pPyXB3kyAq,6,comingtruthvaluequery1,True,5,374,1,coming,truth_value,1,2,shuffled,1.0,social
783,R_8VxB6pPyXB3kyAq,6,surprisetruthvaluequery2,False,5,375,1,surprise,truth_value,2,4,shuffled,1.0,social
784,R_8VxB6pPyXB3kyAq,6,taste2truthvaluequery1,True,5,376,1,taste2,truth_value,1,3,shuffled,1.0,temporal
796,R_21fbvAxlgz6NINb,7,goingtruthvaluequery1,False,6,461,1,going,truth_value,1,5,shuffled,1.0,social
797,R_21fbvAxlgz6NINb,7,eatingtruthvaluequery1,False,6,462,1,eating,truth_value,1,4,shuffled,1.0,objectness
798,R_21fbvAxlgz6NINb,7,slowertruthvaluequery1,True,6,463,1,slower,truth_value,1,3,shuffled,2.0,temporal
799,R_21fbvAxlgz6NINb,7,age2truthvaluequery2,False,6,464,1,age2,truth_value,2,4,shuffled,1.0,temporal
800,R_21fbvAxlgz6NINb,7,daytruthvaluequery1,True,6,465,1,day,truth_value,1,0,shuffled,1.0,temporal
801,R_21fbvAxlgz6NINb,7,drytruthvaluequery2,False,6,466,1,dry,truth_value,2,5,shuffled,2.0,objectness
802,R_21fbvAxlgz6NINb,7,taste2truthvaluequery2,False,6,467,1,taste2,truth_value,2,2,shuffled,1.0,temporal
803,R_21fbvAxlgz6NINb,7,abovetruthvaluequery2,False,6,468,1,above,truth_value,2,5,shuffled,1.0,geometry
804,R_21fbvAxlgz6NINb,7,surprisetruthvaluequery1,False,6,469,0,surprise,truth_value,1,5,shuffled,1.0,social
805,R_21fbvAxlgz6NINb,7,besidestruthvaluequery2,False,6,470,1,besides,truth_value,2,4,shuffled,2.0,geometry
806,R_21fbvAxlgz6NINb,7,goaldirectednesstruthvaluequery1,True,6,471,1,goaldirectedness,truth_value,1,3,shuffled,2.0,social
807,R_21fbvAxlgz6NINb,7,directionstruthvaluequery1,True,6,472,1,directions,truth_value,1,1,shuffled,1.0,geometry
818,R_2HhC7yKTpW8XkcN,6,goingtruthvaluequery1,False,6,185,1,going,truth_value,1,5,shuffled,1.0,social
819,R_2HhC7yKTpW8XkcN,6,eatingtruthvaluequery1,False,6,186,1,eating,truth_value,1,4,shuffled,1.0,objectness
820,R_2HhC7yKTpW8XkcN,6,slowertruthvaluequery1,True,6,187,1,slower,truth_value,1,3,shuffled,2.0,temporal
821,R_2HhC7yKTpW8XkcN,6,age2truthvaluequery2,False,6,188,1,age2,truth_value,2,4,shuffled,1.0,temporal
822,R_2HhC7yKTpW8XkcN,6,daytruthvaluequery1,True,6,189,1,day,truth_value,1,0,shuffled,1.0,temporal
823,R_2HhC7yKTpW8XkcN,6,drytruthvaluequery2,True,6,190,0,dry,truth_value,2,5,shuffled,2.0,objectness
824,R_2HhC7yKTpW8XkcN,6,taste2truthvaluequery2,False,6,191,1,taste2,truth_value,2,2,shuffled,1.0,temporal
825,R_2HhC7yKTpW8XkcN,6,abovetruthvaluequery2,False,6,192,1,above,truth_value,2,5,shuffled,1.0,geometry
826,R_2HhC7yKTpW8XkcN,6,surprisetruthvaluequery1,False,6,193,0,surprise,truth_value,1,5,shuffled,1.0,social
827,R_2HhC7yKTpW8XkcN,6,besidestruthvaluequery2,False,6,194,1,besides,truth_value,2,4,shuffled,2.0,geometry
828,R_2HhC7yKTpW8XkcN,6,goaldirectednesstruthvaluequery1,True,6,195,1,goaldirectedness,truth_value,1,3,shuffled,2.0,social
829,R_2HhC7yKTpW8XkcN,6,directionstruthvaluequery1,True,6,196,1,directions,truth_value,1,1,shuffled,1.0,geometry
840,R_2ISmbtPKQ85MYDa,6,goingtruthvaluequery1,False,6,369,1,going,truth_value,1,5,shuffled,1.0,social
841,R_2ISmbtPKQ85MYDa,6,eatingtruthvaluequery1,False,6,370,1,eating,truth_value,1,4,shuffled,1.0,objectness
842,R_2ISmbtPKQ85MYDa,6,slowertruthvaluequery1,True,6,371,1,slower,truth_value,1,3,shuffled,2.0,temporal
843,R_2ISmbtPKQ85MYDa,6,age2truthvaluequery2,False,6,372,1,age2,truth_value,2,4,shuffled,1.0,temporal
844,R_2ISmbtPKQ85MYDa,6,daytruthvaluequery1,True,6,373,1,day,truth_value,1,0,shuffled,1.0,temporal
845,R_2ISmbtPKQ85MYDa,6,drytruthvaluequery2,True,6,374,0,dry,truth_value,2,5,shuffled,2.0,objectness
846,R_2ISmbtPKQ85MYDa,6,taste2truthvaluequery2,False,6,375,1,taste2,truth_value,2,2,shuffled,1.0,temporal
847,R_2ISmbtPKQ85MYDa,6,abovetruthvaluequery2,False,6,376,1,above,truth_value,2,5,shuffled,1.0,geometry
848,R_2ISmbtPKQ85MYDa,6,surprisetruthvaluequery1,False,6,377,0,surprise,truth_value,1,5,shuffled,1.0,social
849,R_2ISmbtPKQ85MYDa,6,besidestruthvaluequery2,False,6,378,1,besides,truth_value,2,4,shuffled,2.0,geometry
850,R_2ISmbtPKQ85MYDa,6,goaldirectednesstruthvaluequery1,True,6,379,1,goaldirectedness,truth_value,1,3,shuffled,2.0,social
851,R_2ISmbtPKQ85MYDa,6,directionstruthvaluequery1,True,6,380,1,directions,truth_value,1,1,shuffled,1.0,geometry
862,R_7TUgWuydE0cBlYu,7,goingtruthvaluequery1,False,6,277,1,going,truth_value,1,5,shuffled,1.0,social
863,R_7TUgWuydE0cBlYu,7,eatingtruthvaluequery1,False,6,278,1,eating,truth_value,1,4,shuffled,1.0,objectness
864,R_7TUgWuydE0cBlYu,7,slowertruthvaluequery1,False,6,279,0,slower,truth_value,1,3,shuffled,2.0,temporal
865,R_7TUgWuydE0cBlYu,7,age2truthvaluequery2,False,6,280,1,age2,truth_value,2,4,shuffled,1.0,temporal
866,R_7TUgWuydE0cBlYu,7,daytruthvaluequery1,True,6,281,1,day,truth_value,1,0,shuffled,1.0,temporal
867,R_7TUgWuydE0cBlYu,7,drytruthvaluequery2,True,6,282,0,dry,truth_value,2,5,shuffled,2.0,objectness
868,R_7TUgWuydE0cBlYu,7,taste2truthvaluequery2,True,6,283,0,taste2,truth_value,2,2,shuffled,1.0,temporal
869,R_7TUgWuydE0cBlYu,7,abovetruthvaluequery2,False,6,284,1,above,truth_value,2,5,shuffled,1.0,geometry
870,R_7TUgWuydE0cBlYu,7,surprisetruthvaluequery1,True,6,285,1,surprise,truth_value,1,5,shuffled,1.0,social
871,R_7TUgWuydE0cBlYu,7,besidestruthvaluequery2,False,6,286,1,besides,truth_value,2,4,shuffled,2.0,geometry
872,R_7TUgWuydE0cBlYu,7,goaldirectednesstruthvaluequery1,True,6,287,1,goaldirectedness,truth_value,1,3,shuffled,2.0,social
873,R_7TUgWuydE0cBlYu,7,directionstruthvaluequery1,True,6,288,1,directions,truth_value,1,1,shuffled,1.0,geometry
884,R_8DSE1mwBmRza31B,7,goingtruthvaluequery1,False,6,553,1,going,truth_value,1,5,shuffled,1.0,social
885,R_8DSE1mwBmRza31B,7,eatingtruthvaluequery1,False,6,554,1,eating,truth_value,1,4,shuffled,1.0,objectness
886,R_8DSE1mwBmRza31B,7,slowertruthvaluequery1,False,6,555,0,slower,truth_value,1,3,shuffled,2.0,temporal
887,R_8DSE1mwBmRza31B,7,age2truthvaluequery2,False,6,556,1,age2,truth_value,2,4,shuffled,1.0,temporal
888,R_8DSE1mwBmRza31B,7,daytruthvaluequery1,True,6,557,1,day,truth_value,1,0,shuffled,1.0,temporal
889,R_8DSE1mwBmRza31B,7,drytruthvaluequery2,False,6,558,1,dry,truth_value,2,5,shuffled,2.0,objectness
890,R_8DSE1mwBmRza31B,7,taste2truthvaluequery2,True,6,559,0,taste2,truth_value,2,2,shuffled,1.0,temporal
891,R_8DSE1mwBmRza31B,7,abovetruthvaluequery2,False,6,560,1,above,truth_value,2,5,shuffled,1.0,geometry
892,R_8DSE1mwBmRza31B,7,surprisetruthvaluequery1,True,6,561,1,surprise,truth_value,1,5,shuffled,1.0,social
893,R_8DSE1mwBmRza31B,7,besidestruthvaluequery2,False,6,562,1,besides,truth_value,2,4,shuffled,2.0,geometry
894,R_8DSE1mwBmRza31B,7,goaldirectednesstruthvaluequery1,True,6,563,1,goaldirectedness,truth_value,1,3,shuffled,2.0,social
895,R_8DSE1mwBmRza31B,7,directionstruthvaluequery1,True,6,564,1,directions,truth_value,1,1,shuffled,1.0,geometry
906,R_8Qy8p24wqPl6p9n,5,goingtruthvaluequery1,True,6,93,1,going,truth_value,1,5,shuffled,1.0,social
907,R_8Qy8p24wqPl6p9n,5,eatingtruthvaluequery1,False,6,94,1,eating,truth_value,1,4,shuffled,1.0,objectness
908,R_8Qy8p24wqPl6p9n,5,slowertruthvaluequery1,True,6,95,1,slower,truth_value,1,3,shuffled,2.0,temporal
909,R_8Qy8p24wqPl6p9n,5,age2truthvaluequery2,False,6,96,1,age2,truth_value,2,4,shuffled,1.0,temporal
910,R_8Qy8p24wqPl6p9n,5,daytruthvaluequery1,True,6,97,1,day,truth_value,1,0,shuffled,1.0,temporal
911,R_8Qy8p24wqPl6p9n,5,drytruthvaluequery2,True,6,98,0,dry,truth_value,2,5,shuffled,2.0,objectness
912,R_8Qy8p24wqPl6p9n,5,taste2truthvaluequery2,True,6,99,0,taste2,truth_value,2,2,shuffled,1.0,temporal
913,R_8Qy8p24wqPl6p9n,5,abovetruthvaluequery2,False,6,100,1,above,truth_value,2,5,shuffled,1.0,geometry
914,R_8Qy8p24wqPl6p9n,5,surprisetruthvaluequery1,True,6,101,1,surprise,truth_value,1,5,shuffled,1.0,social
915,R_8Qy8p24wqPl6p9n,5,besidestruthvaluequery2,False,6,102,1,besides,truth_value,2,4,shuffled,2.0,geometry
916,R_8Qy8p24wqPl6p9n,5,goaldirectednesstruthvaluequery1,True,6,103,1,goaldirectedness,truth_value,1,3,shuffled,2.0,social
917,R_8Qy8p24wqPl6p9n,5,directionstruthvaluequery1,True,6,104,1,directions,truth_value,1,1,shuffled,1.0,geometry
928,R_8ZP9f4t8l9cLCIg,7,goingtruthvaluequery1,False,6,1,1,going,truth_value,1,5,shuffled,1.0,social
929,R_8ZP9f4t8l9cLCIg,7,eatingtruthvaluequery1,False,6,2,1,eating,truth_value,1,4,shuffled,1.0,objectness
930,R_8ZP9f4t8l9cLCIg,7,slowertruthvaluequery1,True,6,3,1,slower,truth_value,1,3,shuffled,2.0,temporal
931,R_8ZP9f4t8l9cLCIg,7,age2truthvaluequery2,False,6,4,1,age2,truth_value,2,4,shuffled,1.0,temporal
932,R_8ZP9f4t8l9cLCIg,7,daytruthvaluequery1,True,6,5,1,day,truth_value,1,0,shuffled,1.0,temporal
933,R_8ZP9f4t8l9cLCIg,7,drytruthvaluequery2,False,6,6,1,dry,truth_value,2,5,shuffled,2.0,objectness
934,R_8ZP9f4t8l9cLCIg,7,taste2truthvaluequery2,False,6,7,1,taste2,truth_value,2,2,shuffled,1.0,temporal
935,R_8ZP9f4t8l9cLCIg,7,abovetruthvaluequery2,False,6,8,1,above,truth_value,2,5,shuffled,1.0,geometry
936,R_8ZP9f4t8l9cLCIg,7,surprisetruthvaluequery1,True,6,9,1,surprise,truth_value,1,5,shuffled,1.0,social
937,R_8ZP9f4t8l9cLCIg,7,besidestruthvaluequery2,False,6,10,1,besides,truth_value,2,4,shuffled,2.0,geometry
938,R_8ZP9f4t8l9cLCIg,7,goaldirectednesstruthvaluequery1,True,6,11,1,goaldirectedness,truth_value,1,3,shuffled,2.0,social
939,R_8ZP9f4t8l9cLCIg,7,directionstruthvaluequery1,True,6,12,1,directions,truth_value,1,1,shuffled,1.0,geometry
